{
    "name": "Flow",
    "description": "Activate Swim Flight, and gain Night Vision, Speed 3, and Conduit Power while Underwater. Can't heal during this duration.(175 OO)",
    "type": "origins:multiple",
    "regen": {
        "type": "origins:disable_regen",
        "condition": {
            "type": "origins:resource",
                    "resource": "keepers:activeabilities_flow",
                    "compare_to": 1,
                    "comparison": "=="
        }
    },
    "fly": {
        "type": "origins:swimming",
        "condition": {
            "type": "origins:and",
            "conditions": [
                {
                    "type": "origins:fluid_height",
                    "fluid": "minecraft:water",
                    "comparison": ">",
                    "compare_to": 0,
                    "inverted": true
                },
                {
                    "type": "origins:resource",
                    "resource": "keepers:activeabilities_flow",
                    "compare_to": 1,
                    "comparison": "=="
                }
            ]
        }
    },
    "effects": {
        "type": "origins:action_over_time",
        "entity_action": {
            "type": "origins:apply_effect",
            "effects": [
                {
                    "effect": "minecraft:night_vision",
                    "duration": 20,
                    "amplifier": 1,
                    "show_particles": false,
                    "show_icon": true
                },
                {
                    "effect": "minecraft:speed",
                    "amplifier": 2,
                    "duration": 20,
                    "show_icon": true,
                    "show_particles": false
                },
                {
                    "effect": "minecraft:conduit_power",
                    "amplifier": 0,
                    "duration": 20,
                    "show_icon": true,
                    "show_particles": false
                }
            ]
        },
        "interval": 5,
        "condition": {
            "type": "origins:and",
            "conditions": [
                {
                    "type": "origins:fluid_height",
                    "fluid": "minecraft:water",
                    "comparison": ">",
                    "compare_to": 0,
                    "inverted": false
                },
                {
                    "type": "origins:resource",
                    "resource": "keepers:activeabilities_flow",
                    "compare_to": 1,
                    "comparison": "=="
                }
            ]
        }
    },
    "active": {
        "type": "origins:active_self",
        "entity_action": {
            "type": "origins:and",
            "actions": [
                {
                "type": "origins:change_resource",
                "resource": "keepers:water",
                "change": -175
                },
                {
                    "type": "origins:change_resource",
                    "resource": "keepers:activeabilites_flow",
                    "change": 1
                }
            ]
        },
        "condition": {
            "type": "origins:and",
            "conditions": [
                {
            "type": "origins:resource",
            "resource": "keepers:water",
            "comparison": ">=",
            "compare_to": 175
        },
        {
            "type": "origins:fluid_height",
            "fluid": "minecraft:water",
            "comparison": ">",
            "compare_to": 0,
            "inverted": false
        }
    ]
},
        "cooldown": 20,
        "key": {
            "type": "ILJIMAE DO THIS PART"
            }
    },
    "activehot": {
        "type": "origins:active_self",
        "entity_action": {
            "type": "origins:and",
            "actions": [
                {
                "type": "origins:change_resource",
                "resource": "keepers:water",
                "change": -350
                },
                {
                    "type": "origins:change_resource",
                    "resource": "keepers:activeabilites_flow",
                    "change": 1
                }
            ]
        },
        "condition": {
            "type": "origins:and",
            "conditions": [
                {
            "type": "origins:resource",
            "resource": "keepers:water",
            "comparison": ">=",
            "compare_to": 350
        },
        {
            "type": "origins:biome",
            "condition": {
            "type": "origins:temperature",
            "comparison": ">=",
            "compare_to": 2
            },
            "inverted": false
        },
        {
            "type": "origins:fluid_height",
            "fluid": "minecraft:water",
            "comparison": ">",
            "compare_to": 0,
            "inverted": false
        }
    ]
},
        "cooldown": 20,
        "key": {
            "type": "ILJIMAE DO THIS PART"
            }
    },
    "activesurface": {
        "type": "origins:active_self",
        "entity_action": {
            "type": "origins:and",
            "actions": [
                {
                "type": "origins:change_resource",
                "resource": "keepers:water",
                "change": -262
                },
                {
                    "type": "origins:change_resource",
                    "resource": "keepers:activeabilites_flow",
                    "change": 1
                }
            ]
        },
        "condition": {
            "type": "origins:and",
            "conditions": [
                {
            "type": "origins:resource",
            "resource": "keepers:water",
            "comparison": ">=",
            "compare_to": 262
        },
        {
            "type": "origins:biome",
            "condition": {
            "type": "origins:temperature",
            "comparison": ">=",
            "compare_to": 2
            },
            "inverted": true
        },
        {
            "type": "origins:fluid_height",
            "fluid": "minecraft:water",
            "comparison": ">",
            "compare_to": 0,
            "inverted": true
        }
    ]
},
        "cooldown": 20,
        "key": {
            "type": "ILJIMAE DO THIS PART"
            }
    }
}