{
    "name": "Heavy Hitter",
    "description": "Press the secondary key to gain Slowness 2, Mining fatigue 3, Strength 4 for 1 minute then gain Slowness 4, Mining Fatigue 3 and Blindess for 10 seconds.",
    "type": "origins:multiple",
    "ability": {
        "type": "origins:active_self",
        "entity_action": {
            "type": "origins:apply_effect",
            "effects": [
                {
                    "effect": "minecraft:slowness",
                    "amplifier": 1,
                    "duration": 1200,
                    "show_icon": true,
                    "show_particles": false
                },
                {
                    "effect": "minecraft:mining_fatigue",
                    "amplifier": 2,
                    "duration": 1200,
                    "show_icon": true,
                    "show_particles": false
                },
                {
                    "effect": "minecraft:strength",
                    "amplifier": 3,
                    "duration": 1200,
                    "show_icon": true,
                    "show_particles": false
                }
            ]
        },
        "cooldown": 6000,
         "hud_render": {
        "should_render": true,
        "bar_index": 1
    },
        "key": {
            "key": "key.origins:secondary_active"
        }
    },
    "downside": {
        "type": "origins:active_self",
        "entity_action": {
            "type": "origins:delay",
            "ticks": 1200,
            "action": {
              "type": "origins:apply_effect",
              "effects": [
                  {
                "effect": "minecraft:speed",
                "amplifier": 1,
                "duration": 80
              },
              {
                "effect": "minecraft:slowness",
                "amplifier": 3,
                "duration": 200,
                "show_icon": true,
                "show_particles": false
              },
              {
                "effect": "minecraft:blindness",
                "amplifier": 0,
                "duration": 200,
                "show_icon": true,
                "show_particles": false
              },
              {
                "effect": "minecraft:mining_fatigue",
                "amplifier": 2,
                "duration": 200,
                "show_icon": true,
                "show_particles": false
              }
            ]
            }
        },
        "cooldown": 6000,
    "hud_render": {
        "should_render": false
    },
        "key": {
            "key": "key.origins:secondary_active"
        }
    }
}