{
    "execute_chosen_when_orb": true,
    "type": "origins:action_on_callback",
    "entity_action_respawned": {
        "type": "origins:and",
        "actions": [
            {
                "type": "origins:execute_command",
          "command": "scale set pehkui:height 0.5",
          "permission_level": 4
        },
        {
          "type": "origins:execute_command",
          "command": "scale set pehkui:width 0.5",
          "permission_level": 4
            },
            {
                "type": "origins:attribute",
    "modifier": {
        "name": "Max health decrease",
        "attribute": "minecraft:generic.max_health",
        "value": -14,
        "operation": "addition"
    }
            }
        ]
    },
    "entity_action_chosen": {
        "type": "origins:and",
        "actions": [
        {
          "type": "origins:execute_command",
          "command": "scale set pehkui:height 1.25",
          "permission_level": 4
        },
        {
          "type": "origins:execute_command",
          "command": "scale set pehkui:width 1.01",
          "permission_level": 4
        }
        ]
    },
    "name": "Earthen height",
    "description": "2.5 blocks tall and minorly chunky."
}