{
      "name": "Mole powers",
      "description": "Phase through Earthen aspects.",
      "type": "origins:phasing",
      "blacklist": false,
      "render_type": "blindness",
      "view_distance": 10,
      "block_condition": {
        "type": "origins:in_tag",
        "tag": "keepers:phasable"
      },
      "phase_down_condition": {
        "type": "origins:and",
        "conditions": [
          {
            "type": "origins:sneaking"
          },
          {
            "type": "origins:on_block"
          }
        ]
      },
      "condition": {
        "type": "origins:power_active",
        "power": "*:togglephase"
      }
}